created_at	id	text	lang	name	userid	location	statuses_count	createdate	timedelta	rate
Wed Apr 25 22:27:11 +0000 2018	989269618723360768	RT @sajede_dalili: This is the bio of Dr. Ronny L. Jackson, the WH physician nominated to lead the Department of Veterans Affairs who smugg‚Ä¶	en	Tim Morgan	249967206	Jersey Shore	8451	2011-02-10 04:08:33	2631	3.2120866590649944
Wed Apr 25 22:27:11 +0000 2018	989269619780325376	RT @KaivanShroff: These prominent black artists just unfollowed Kanye West:  Drake Jaden Smith Janelle Mon√°e Kendrick Lamar Nicki Minaj Rih‚Ä¶	en	Demetrius	100009338	Chicago, IL	1582	2009-12-28 18:03:31	3039	0.5205659756498848
Wed Apr 25 22:27:11 +0000 2018	989269619717365762	RT @LDRaddic: Unfollow na poc: Lana Del Rey deu unfollow em Kanye West ap√≥s ele demostrar apoio ao pol√≠tico Donald Trump https://t.co/uXhSa‚Ä¶	pt	Our Lust For Life	2307129330	S√£o Paulo - Capital	6072	2014-01-23 19:40:54	1552	3.9123711340206184
Wed Apr 25 22:27:11 +0000 2018	989269620648562688	RT @KennyKnox: Don‚Äôt drag me into this https://t.co/yHCHIXrue7	en	may 7 üíõ	785554026058223616	txx	3658	2016-10-10 18:54:09	561	6.520499108734403
Wed Apr 25 22:27:12 +0000 2018	989269621789396992	RT @PopCrave: Justin Bieber, BTS, The Weeknd, Rihanna, Ariana Grande, Harry Styles, Katy Perry, Nicki Minaj, and Kendrick Lamar are among t‚Ä¶	en	hi	2247461216		111934	2013-12-15 16:41:54	1591	70.35449402891264
Wed Apr 25 22:27:12 +0000 2018	989269622217048065	Kanye wakes! #TheGreatAwakening https://t.co/dUgnpIbCTy	in	Bryan Mordt	51211716	Maricopa, AZ	1771	2009-06-26 20:27:57	3224	0.549317617866005
Wed Apr 25 22:27:12 +0000 2018	989269622363848705	RT @PopCrave: Justin Bieber, BTS, The Weeknd, Rihanna, Ariana Grande, Harry Styles, Katy Perry, Nicki Minaj, and Kendrick Lamar are among t‚Ä¶	en	alexis beckman	1717454894	Laguna Beach, CA	25260	2013-09-01 02:31:42	1697	14.885091337654686
Wed Apr 25 22:27:12 +0000 2018	989269621906837509	"RT @larrydetetive: üì≤ | Harry deu unfollow no Kanye West, ap√≥s o mesmo tweetar ""Donald Trump √© meu irm√£o e eu amo ele""  Harry reizinho sensa‚Ä¶"	pt	üåªkely; #familiar	4452496475	Brasil	34800	2015-12-11 21:36:50	865	40.23121387283237
Wed Apr 25 22:27:12 +0000 2018	989269622674411521	RT @1776Stonewall: It's hilarious when liberals talk about conservative fear tactics. You idiots have been led to believe the Earth is dyin‚Ä¶	en	Jackie	2204105004		7823	2013-11-20 02:24:32	1617	4.837971552257266
Wed Apr 25 22:27:12 +0000 2018	989269623630651393	eitaaa https://t.co/sQIU79AJYw	pt	Lua; Tear	633920603	#OT7 #Î∞©ÌÉÑÏÜåÎÖÑÎã®	8620	2012-07-12 18:00:35	2112	4.081439393939394
Wed Apr 25 22:27:13 +0000 2018	989269625849483264	amo https://t.co/GxiHTyWcsm	und	…êpnp üíß	3068432543	dinahsty postmalone khalid sza	77793	2015-03-03 18:49:47	1148	67.76393728222996
Wed Apr 25 22:27:13 +0000 2018	989269625736253440	Chris Wylie @chrisinsilico to congressional investigators: Trump campaign strategist Steve Bannon asked‚Ä¶ https://t.co/WdK9IT73dM	en	Julie Laumann #FBPE üåé	53190110		31537	2009-07-02 21:15:04	3218	9.800186451211934
Wed Apr 25 22:27:13 +0000 2018	989269627556556802	RT @Chris_Meloni: The guy who can‚Äôt help but be a dick https://t.co/TlMuDGZeau	en	MissMelissa	807413918586933248	Erie, PA	32551	2016-12-10 02:37:34	501	64.97205588822355
Wed Apr 25 22:27:13 +0000 2018	989269627950710784	RT @DragonflyJonez: Trump supporters really hop on this here internet and defend the right to support Trump based on the merits of civility‚Ä¶	en	Kris Riley	294247099	Fairbanks, AK	13580	2011-05-06 19:59:54	2545	5.335952848722986
Wed Apr 25 22:27:13 +0000 2018	989269627858489351	RT @KaivanShroff: These prominent black artists just unfollowed Kanye West:  Drake Jaden Smith Janelle Mon√°e Kendrick Lamar Nicki Minaj Rih‚Ä¶	en	Karmaisabitch	831027696905826304	United States	6023	2017-02-13 06:30:17	436	13.814220183486238
Wed Apr 25 22:27:13 +0000 2018	989269627644588033	taylor tried to tell you people üôÑ https://t.co/hSGTCfphKl	en	ash WILL meet taylor one day :-)	883497945462697984	United States	3145	2017-07-08 01:28:19	291	10.807560137457045
Wed Apr 25 22:27:14 +0000 2018	989269630245113856	RT @PopCrave: Justin Bieber, BTS, The Weeknd, Rihanna, Ariana Grande, Harry Styles, Katy Perry, Nicki Minaj, and Kendrick Lamar are among t‚Ä¶	en	LUIS_KDM	732368209463017472	Texas, USA	19986	2016-05-17 00:32:42	708	28.228813559322035
Wed Apr 25 22:27:14 +0000 2018	989269630777675776	RT @KennyKnox: Don‚Äôt drag me into this https://t.co/yHCHIXrue7	en	sandra üíó	807412170304602112		1273	2016-12-10 02:30:37	501	2.5409181636726546
Wed Apr 25 22:27:14 +0000 2018	989269630702227456	RT @maamitaass: Kanye West - George Bush doesn‚Äôt care about black people. Also Kayne West - Donald Trump is my brother. https://t.co/49TFPw‚Ä¶	en	Tanejah	290930479	Jerz	15628	2011-05-01 05:49:02	2551	6.126225009800079
Wed Apr 25 22:27:14 +0000 2018	989269631180378113	https://t.co/rpF2GPTX32... https://t.co/AsidqWwmoB	und	Sophie	235482392	canada	30534	2011-01-08 08:44:40	2664	11.461711711711711
Wed Apr 25 22:27:14 +0000 2018	989269631734046720	RT @Tinashe: Woah, I think I just realized I can write extra long tweets now. Good thing I have so much to say. Here goes: fuck Donald trum‚Ä¶	en	chun li	2864437973		12530	2014-11-06 20:38:14	1265	9.90513833992095
Wed Apr 25 22:27:14 +0000 2018	989269631520137218	Donald Trump's black supporters share similar personal and ideological characteristics:  https://t.co/DhE5se17du	en	Elodie Pritchartt	18587688	Mississippi	3319	2009-01-03 21:41:15	3398	0.9767510300176574
Wed Apr 25 22:27:14 +0000 2018	989269631662731264	@Alx_nda @Mariogaaa @EldaRicardo @DpEsho  Read this thread. https://t.co/5ECT4jat68	en	Ugonnia	343432526	Lagos 	110924	2011-07-27 15:31:42	2463	45.03613479496549
Wed Apr 25 22:27:14 +0000 2018	989269632870699008	RT @joncoopertweets: Donald Trump LIED TO THE FBI when he told James Comey that he never stayed overnight in Russia, as was proven by fligh‚Ä¶	en	penney ewart	2194368678		198239	2013-11-14 15:14:58	1623	122.14356130622305
Wed Apr 25 22:27:14 +0000 2018	989269633260769280	RT @PopCrave: Justin Bieber, BTS, The Weeknd, Rihanna, Ariana Grande, Harry Styles, Katy Perry, Nicki Minaj, and Kendrick Lamar are among t‚Ä¶	en	Gus	4428076601	London	20295	2015-12-09 15:51:32	867	23.408304498269896
Wed Apr 25 22:27:15 +0000 2018	989269633436876800	RT @EVTVMiami: #NoticiasEVTV Tras reunirse con su hom√≥logo estadounidense Donald Trump, el presidente de Francia,¬†Emmanuel Macron, desde el‚Ä¶	es	Lourdes Henriquez	887431637482577920		17051	2017-07-18 21:59:24	280	60.89642857142857
Wed Apr 25 22:27:14 +0000 2018	989269633302753280	RT @PopCrave: Justin Bieber, BTS, The Weeknd, Rihanna, Ariana Grande, Harry Styles, Katy Perry, Nicki Minaj, and Kendrick Lamar are among t‚Ä¶	en	HUEY ‚ö°Ô∏è(AG)	1689139135	NJ/NYC‚ö°Ô∏è shoey99(at)gmail.com	28721	2013-08-21 20:00:30	1707	16.825424721734038
Wed Apr 25 22:27:15 +0000 2018	989269633755746304	"RT @KevinMKruse: ""The mob takes the Fifth,"" Donald Trump said in 2016. ""If you're innocent, why are you taking the Fifth Amendment?"" https:‚Ä¶"	en	Becca	3082370998	Maryland	218383	2015-03-09 19:56:48	1142	191.22854640980736
Wed Apr 25 22:27:15 +0000 2018	989269634103865345	RT @PalmerReport: Kanye West, 2005: George Bush doesn‚Äôt care about black people.  Kanye West, 2018: I don‚Äôt care that Donald Trump doesn‚Äôt‚Ä¶	en	Jimmy Stewart's Ghost	14060983	Bedford Falls	13881	2008-02-29 17:29:21	3707	3.744537361748044
Wed Apr 25 22:27:15 +0000 2018	989269634103857158	RT @1776Stonewall: It's hilarious when liberals talk about conservative fear tactics. You idiots have been led to believe the Earth is dyin‚Ä¶	en	#2A üá∫üá∏JIM üá∫üá∏ #NRA #EndGunFreeZones	487394203		38965	2012-02-09 09:48:02	2267	17.187913542126157
Wed Apr 25 22:27:15 +0000 2018	989269634095382529	@TPM Donald Trump tells the world America News outlets reports Fake News..	en	M. Smile : )	168629447		52058	2010-07-20 11:46:50	2836	18.356135401974612
Wed Apr 25 22:27:15 +0000 2018	989269635282472961	RT @PalmerReport: Donald Trump stirred up all that Kanye West nonsense to distract you from the fact that his attorney Michael Cohen just p‚Ä¶	en	Lissette Kron	523409160	Weddington, NC	133228	2012-03-13 16:16:03	2233	59.66323331840573
Wed Apr 25 22:27:15 +0000 2018	989269635118792704	Hands up if you never followed to begin with https://t.co/Yb3KBv8W1D	en	Tommy Germak	1331927300	Stealing ur mans	6585	2013-04-06 16:03:22	1844	3.5710412147505424
Wed Apr 25 22:27:15 +0000 2018	989269635332702208	Kanye West‚Äôin Donald Trump methiyelerinden ho≈ülanmayan 9 milyondan fazla ki≈üi, √ºnl√º ≈üarkƒ±cƒ±yƒ± takibi bƒ±raktƒ±... √ñnc‚Ä¶ https://t.co/0m0OKxSUQU	tr	uzaylƒ± bihter	1617265741	ƒ∞stanbul, T√ºrkiye	121140	2013-07-24 08:37:28	1736	69.78110599078342
Wed Apr 25 22:27:15 +0000 2018	989269635181793282	They don‚Äôt, but they also don‚Äôt support a piece of shit individual such as Donald Trump https://t.co/IiAoCumV5S	en	üëë Layonc√®	47414499		65195	2009-06-15 19:08:26	3235	20.153013910355487
Wed Apr 25 22:27:15 +0000 2018	989269636578533382	RT @ProudResister: Kanye West declared his support for Donald Trump and then lost 10 million twitter followers in an hour. MAGA! üëç	en	Slap Me Bitch *SPITS* You MFing Whore Did You.....	326647852	Dallas, TX	236636	2011-06-30 07:49:13	2491	94.99638699317543
Wed Apr 25 22:27:15 +0000 2018	989269636708368384	RT @PopCrave: Justin Bieber, BTS, The Weeknd, Rihanna, Ariana Grande, Harry Styles, Katy Perry, Nicki Minaj, and Kendrick Lamar are among t‚Ä¶	en	Love, Ryan üíß	489042575	Los Angeles, CA	87284	2012-02-11 03:49:18	2265	38.53598233995585
Wed Apr 25 22:27:15 +0000 2018	989269637312536582	RT @pandlrcom: Katy Perry, Rihanna, Nicki Minaj e v√°rios outros famosos d√£o unfollow em Kanye West ap√≥s demonstra√ß√£o de apoio ao Donald Tru‚Ä¶	pt	!AtTheDisco	872446910073843713		5435	2017-06-07 13:35:27	322	16.87888198757764
Wed Apr 25 22:27:16 +0000 2018	989269637782298624	"RT @KevinMKruse: ""The mob takes the Fifth,"" Donald Trump said in 2016. ""If you're innocent, why are you taking the Fifth Amendment?"" https:‚Ä¶"	en	flux	15636447	Baltimore, MD	4871	2008-07-28 19:35:03	3557	1.3694124262018554
Wed Apr 25 22:27:16 +0000 2018	989269637891145728	RT @ProudResister: Kanye West declared his support for Donald Trump and then lost 10 million twitter followers in an hour. MAGA! üëç	en	Linda	56481865		92157	2009-07-13 20:26:09	3207	28.736202057998128
Wed Apr 25 22:27:16 +0000 2018	989269638298058753	RT @ProudResister: Kanye West declared his support for Donald Trump and then lost 10 million twitter followers in an hour. MAGA! üëç	en	LvsRain #TheResistance #Feminist #neveragain	3494621593	Canada	3002	2015-09-08 15:59:54	959	3.130344108446298
Wed Apr 25 22:27:16 +0000 2018	989269638004510722	RT @leathershirts: Kanye: i like donald trump   me: no don‚Äôt say that  Kanye: yes  me: ):	en	Em Milly	1631602566	Boston, MA	1085	2013-07-30 00:48:26	1730	0.6271676300578035
Wed Apr 25 22:27:16 +0000 2018	989269638381948928	So basically Kanye West is selling himself as the antichrist in pop culture, which is very obvious and kitschy, but‚Ä¶ https://t.co/M0ufGxBuEk	en	zombie fresca	940996329739661312		664	2017-12-13 17:26:22	132	5.03030303030303
Wed Apr 25 22:27:16 +0000 2018	989269639015424001	RT @MillenPolitics: Kanye wants you to know he bought a MAGA hat and Trump signed it. Oh, and he wants your attention. https://t.co/Si5GSNz‚Ä¶	en	afaye66	316764018	North Carolina, USA	65208	2011-06-13 22:58:32	2507	26.010370961308336
Wed Apr 25 22:27:16 +0000 2018	989269639736766464	RT @carolineframke: Here at @voxdotcom, we  (‚Ä¢_‚Ä¢) &lt;)   )‚ïØexplain /    \  \(‚Ä¢_‚Ä¢) (   (&gt;  the /    \   (‚Ä¢_‚Ä¢) &lt;)   )&gt;  news /    \  https://t.‚Ä¶	en	Julie Bogen	292575613	Washington, DC	10808	2011-05-03 21:43:19	2548	4.241758241758242
Wed Apr 25 22:27:16 +0000 2018	989269639833313280	RT @profballnews: #NFL #news The Leaked October Tapes and the Kaepernick Collusion Case https://t.co/y2JigDRJSG #sports #SportsNews #Footba‚Ä¶	en	WON'T  VOTE DEMOCRATIC	63135659		41779	2009-08-05 13:44:13	3185	13.117425431711146
Wed Apr 25 22:27:16 +0000 2018	989269640139411456	RT @Emeks18: Kanye said he loves Donald Trump because of ‚ÄúDragon Energy‚Äù.   He also said the following: 1) He doesn‚Äôt necessarily agree wit‚Ä¶	en	Ugonnia	343432526	Lagos 	110925	2011-07-27 15:31:42	2463	45.03654080389769
Wed Apr 25 22:27:16 +0000 2018	989269641145937920	„Ç´„Éã„Ç®„ÅØ„Éñ„ÉÉ„Ç∑„É•Â´å„ÅÑ„Å†„Å£„Åü„ÅÆ„Å´„ÄÅ„Éà„É©„É≥„Éó„ÅØÂ•Ω„Åç„Å™„ÅÆ„Åã„ÄÅ„ÄÅ„ÄÅ„Éà„É©„É≥„Éó„ÇÇÂ§ßÁµ±È†ò„Å™„Çå„Åü„Çè„Åë„Å†„Åó„ÄÅ„Ç´„Éã„Ç®„ÇÇ2024„Å´Â§ßÁµ±È†ò„Å™„Çå„Å°„ÇÉ„ÅÜ„Åã„ÇÇ„Å™ÔºàÁ¨ëÔºâ„ÄÄ„ÄÄ„ÄÄhttps://t.co/WhSSIvQvgl	ja	Natsumi -Witness Tokyo	389560508	Cloud 9, Tokyo	20823	2011-10-12 16:40:16	2386	8.727158424140821
Wed Apr 25 22:27:16 +0000 2018	989269641657765890	RT @JustinElliott: NEW: The hidden hand of a private casino company and Donald Trump‚Äôs personal lawyer, Marc Kasowitz, in Trump‚Äôs contact w‚Ä¶	en	Joan van der Lingen	26975311		43338	2009-03-27 09:13:52	3316	13.069360675512666
Wed Apr 25 22:27:17 +0000 2018	989269641875861506	RT @PalmerReport: Donald Trump stirred up all that Kanye West nonsense to distract you from the fact that his attorney Michael Cohen just p‚Ä¶	en	Sham Blanchard	47196643	Harrisonburg, VA	18481	2009-06-14 22:49:47	3236	5.7110630407911005
Wed Apr 25 22:27:17 +0000 2018	989269642207285249	"RT @carasbrasil: Kanye West considera Donald Trump um irm√£o: ""A multid√£o n√£o vai me impedir de am√°-lo"" --&gt; https://t.co/6SoSigz2V5 https://‚Ä¶"	pt	Marcus Vinycius	3135159399		172	2015-04-04 21:44:18	1116	0.15412186379928317
Wed Apr 25 22:27:16 +0000 2018	989269641733210112	RT @LOLGOP: I guess we all should get to know the guy who is likely to be our next Secretary of Defense https://t.co/7wBnQJhsRW	en	Timmaay	16563141	Illinois	22484	2008-10-02 17:58:35	3491	6.4405614437124035
Wed Apr 25 22:27:17 +0000 2018	989269642219843585	RT @ava: ‚ÄúA young black man protected the public from a white man hell-bent on committing mass murder. Everything about this is a problem f‚Ä¶	en	News Reader	2945911918		139847	2014-12-28 14:35:58	1214	115.19522240527183
Wed Apr 25 22:27:17 +0000 2018	989269643234856961	RT @ava: ‚ÄúA young black man protected the public from a white man hell-bent on committing mass murder. Everything about this is a problem f‚Ä¶	en	BŒîŒö Wakanda Chapter	19640038	Atlanta, GA	150895	2009-01-28 06:57:09	3374	44.72288085358625
Wed Apr 25 22:27:17 +0000 2018	989269644623208449	L https://t.co/e6x8LCgpJz	und	üêú	336053544	Houston, TX	113133	2011-07-15 17:28:44	2475	45.71030303030303
Wed Apr 25 22:27:17 +0000 2018	989269645000695808	RT @tswizzlecyrus: esse meu tweet nunca fez tanto sentido igual faz agora #KanyeIsOverParty https://t.co/PrRR3hYHdh	pt	o…îu…ê…πq o∆Éo·¥âp	945280047681888256	Lisboa, Portugal	494	2017-12-25 13:08:20	121	4.082644628099174
Wed Apr 25 22:27:17 +0000 2018	989269645751353344	RT @PopCrave: Justin Bieber, BTS, The Weeknd, Rihanna, Ariana Grande, Harry Styles, Katy Perry, Nicki Minaj, and Kendrick Lamar are among t‚Ä¶	en	P	257493197	240513,  100714	136390	2011-02-25 14:59:23	2616	52.1368501529052
Wed Apr 25 22:27:17 +0000 2018	989269645587705856	RT @PalmerReport: Donald Trump stirred up all that Kanye West nonsense to distract you from the fact that his attorney Michael Cohen just p‚Ä¶	en	Elli of the Two Terriers	920057695226359808	Vancouver, British Columbia	14002	2017-10-16 22:43:43	190	73.69473684210526
Wed Apr 25 22:27:17 +0000 2018	989269645604646912	RT @HotShot_78: #TrueMAGA „ÄΩÔ∏èü¶Ö President Donald Trump's Accomplishment List: Signs $700 billion defense bill, gives troops largest pay raise‚Ä¶	en	üá∫üá∏üè¥Û†ÅßÛ†Å¢Û†Å•Û†ÅÆÛ†ÅßÛ†ÅøBear O'Wulfüá¨üáßüá∫üá∏üêª	922980878778753024	The Mountains out West	15618	2017-10-25 00:19:24	182	85.81318681318682
Wed Apr 25 22:27:18 +0000 2018	989269646607077376	RT @ThePerezHilton: @kanyewest Neither do gay people. But there's a difference between being a Republican and being a Republican who has hi‚Ä¶	en	‚±´an ƒêoyle	881701877179699200	Ottawa & Toronto Canada üá®üá¶	43517	2017-07-03 02:31:23	296	147.0168918918919
Wed Apr 25 22:27:18 +0000 2018	989269647127130115	RT @kylegriffin1: Lawyers for attorney Michael Cohen submitted a court document today asserting his 5th Amendment rights in the lawsuit bro‚Ä¶	en	CrownPrincess of Ife	701023170		23284	2012-07-17 13:06:46	2108	11.045540796963946
Wed Apr 25 22:27:18 +0000 2018	989269647550709761	Acho pouco https://t.co/JROoHpLQtr	pt	Amandona	2496012904		113831	2014-04-20 00:46:22	1466	77.64733969986358
Wed Apr 25 22:27:18 +0000 2018	989269648897081344	RT @PalmerReport: Kanye West, 2005: George Bush doesn‚Äôt care about black people.  Kanye West, 2018: I don‚Äôt care that Donald Trump doesn‚Äôt‚Ä¶	en	Harbinger Entity	6529442	Wichita, Kansas	80405	2007-06-02 21:00:18	3979	20.207338527268156
Wed Apr 25 22:27:18 +0000 2018	989269648968437760	RT @PopCrave: Justin Bieber, BTS, The Weeknd, Rihanna, Ariana Grande, Harry Styles, Katy Perry, Nicki Minaj, and Kendrick Lamar are among t‚Ä¶	en	invest in chumcoin	720053293922131968	USA	15263	2016-04-13 00:57:38	742	20.570080862533693
Wed Apr 25 22:27:18 +0000 2018	989269649060716544	RT @KaivanShroff: These prominent black artists just unfollowed Kanye West:  Drake Jaden Smith Janelle Mon√°e Kendrick Lamar Nicki Minaj Rih‚Ä¶	en	MA	26016523	Washington, DC	58794	2009-03-23 15:02:21	3320	17.709036144578313
Wed Apr 25 22:27:18 +0000 2018	989269649429815296	RT @VendettaVitorio: Imagine a movie where Donald Trump is the president and the fate of America will be decided by a rap battle between Em‚Ä¶	en	‚≠ïHugüåé Bug‚≠ï	912389705030934530	Hugsville, Planet Earth United	5380	2017-09-25 18:53:51	211	25.497630331753555
Wed Apr 25 22:27:19 +0000 2018	989269650230853632	RT @PopCrave: Justin Bieber, BTS, The Weeknd, Rihanna, Ariana Grande, Harry Styles, Katy Perry, Nicki Minaj, and Kendrick Lamar are among t‚Ä¶	en	Ibrahim Khalil anik	4346691974	bakha Bangladesh 	10230	2015-11-24 16:30:09	882	11.598639455782314
Wed Apr 25 22:27:19 +0000 2018	989269650306297857	FUCC DONALD TRUMP FUCC DONALD WEST FUCC KANYE TRUMP FUCC KANYE WEST https://t.co/Uab2L9B4nB	en	Danny Malaysia	139832146	left side of the map, CA	45328	2010-05-03 20:29:44	2913	15.560590456573978
Wed Apr 25 22:27:18 +0000 2018	989269650079961089	Tweet from TweetCaster - @veteranstoday: Trump Really Was Peed On By Russian Hookers - https://t.co/p2TdkeboUV - Th‚Ä¶ https://t.co/rJBfs230YL	en	Chalmers Ingersoll	330494206	Planet earth	19475	2011-07-06 18:12:57	2484	7.840177133655395
Wed Apr 25 22:27:19 +0000 2018	989269650436476928	RT @ava: ‚ÄúA young black man protected the public from a white man hell-bent on committing mass murder. Everything about this is a problem f‚Ä¶	en	Mr Mary Mac	2809961449	LONG LIVE MY GUYZ!  	15166	2014-09-14 18:23:40	1318	11.506828528072838
Wed Apr 25 22:27:19 +0000 2018	989269650310598656	People bout to start equating Donald Trump and Kanye's behavior to being Geminis and I just wanna say I am nothing‚Ä¶ https://t.co/ymQvRnnV6b	en	Jariya üëëüíû	1199251940		127127	2013-02-20 01:51:15	1890	67.26296296296296
Wed Apr 25 22:27:19 +0000 2018	989269650402959360	RT @PalmerReport: Donald Trump's take on black people:  President Obama - bad Steph Curry - bad John Lewis - bad Whoopi Goldberg - bad Don‚Ä¶	en	Deb Cusack	785105297702465536		6537	2016-10-09 13:11:04	563	11.61101243339254
Wed Apr 25 22:27:19 +0000 2018	989269650323238913	RT @dcpoll: John Cody, a close assoc of the Gambino crime family &amp; president of the Teamsters union Local 282 [controlled by the Cosa Nostr‚Ä¶	en	KeyserSozeBro	2590212690		28466	2014-06-26 20:33:00	1398	20.361945636623748
Wed Apr 25 22:27:19 +0000 2018	989269651422146561	RT @GlennThrush: Kanye West is the Donald Trump of hip-hop	en	DrainTheSwamp	726395588498051072		60175	2016-04-30 12:59:38	725	83.0
Wed Apr 25 22:27:19 +0000 2018	989269651329835013	RT @W7VOA: Lawyer @MichaelCohen212 intends to assert 5th Amendment right in all proceedings in the @StormyDaniels case. https://t.co/BnPQLx‚Ä¶	en	Mona vanderSmitte üñº	92511984		367736	2009-11-25 12:34:49	3073	119.66677513830133
Wed Apr 25 22:27:19 +0000 2018	989269651967397889	RT @tswizzlecyrus: kanye west: eu amo o donald trump  mundo: ok  taylor: *silencio*  mundo: APOIADORA DO TRUMP!! NAZISTA RACISTA HOMOFOBICA‚Ä¶	pt	…îƒ±…π«ù	4189205951	Recife, Brasil	36552	2015-11-14 21:29:54	892	40.97757847533632
Wed Apr 25 22:27:19 +0000 2018	989269651849990147	RT @Tinashe: Woah, I think I just realized I can write extra long tweets now. Good thing I have so much to say. Here goes: fuck Donald trum‚Ä¶	en	‚òæ	854081869012385792	Scotlandwell, Scotland	1161	2017-04-17 21:19:20	372	3.120967741935484
Wed Apr 25 22:27:19 +0000 2018	989269652965507072	RT @ajc: Kanye West didn‚Äôt vote but would have voted for Donald Trump https://t.co/3CcNGiEQrp https://t.co/k6rrH1ln16	en	Samurai Cat	4349264053		151454	2015-11-24 22:02:22	882	171.71655328798187
Wed Apr 25 22:27:19 +0000 2018	989269652990758912	RT @PopCrave: Justin Bieber, BTS, The Weeknd, Rihanna, Ariana Grande, Harry Styles, Katy Perry, Nicki Minaj, and Kendrick Lamar are among t‚Ä¶	en	Azul el√©ctrico	451554801	Madrid	112541	2011-12-31 17:32:51	2306	48.80355594102342
Wed Apr 25 22:27:19 +0000 2018	989269653200322560	RT @PalmerReport: Donald Trump stirred up all that Kanye West nonsense to distract you from the fact that his attorney Michael Cohen just p‚Ä¶	en	Michele Leann	751286255501979648	California, USA	23357	2016-07-08 05:26:16	656	35.605182926829265
Wed Apr 25 22:27:19 +0000 2018	989269654135820288	idk why this is so fucking funny to me lol https://t.co/bI5HWodlmQ	en	ashley ‚ú®	19948383	broward county, fl	22414	2009-02-03 02:12:32	3368	6.654988123515439
Wed Apr 25 22:27:20 +0000 2018	989269654681112577	surtado fracassado tapete do jayz https://t.co/EXbncVMNMD	pt	Vin√≠ üíß	211163379	Novo Hamburgo, Brasil	9802	2010-11-02 14:10:49	2731	3.5891614793116076
Wed Apr 25 22:27:20 +0000 2018	989269655050244098	RT @PopCrave: Justin Bieber, BTS, The Weeknd, Rihanna, Ariana Grande, Harry Styles, Katy Perry, Nicki Minaj, and Kendrick Lamar are among t‚Ä¶	en	Ÿã	737000116763164672		26248	2016-05-29 19:18:15	695	37.766906474820146
Wed Apr 25 22:27:20 +0000 2018	989269656090230785	The secret of the demagogue is to make himself as stupid as his audience so they believe they are clever as he.  -‚Ä¶ https://t.co/n97Qoavm8D	en	Maria Schell-Cannon	3278924562	New York, NY	11827	2015-07-13 23:38:58	1016	11.640748031496063
Wed Apr 25 22:27:20 +0000 2018	989269656220459008	The people at the top of the FBI and the Department of Justice need to be arrested for treason. Nothing to do with‚Ä¶ https://t.co/mFefJBB59y	en	David Willis	2413150928		376	2014-03-26 20:33:57	1490	0.2523489932885906
Wed Apr 25 22:27:20 +0000 2018	989269657646321664	RT @kylegriffin1: Lawyers for attorney Michael Cohen submitted a court document today asserting his 5th Amendment rights in the lawsuit bro‚Ä¶	en	Tara	272216977	Bay Area	17758	2011-03-26 02:19:52	2587	6.864321608040201
Wed Apr 25 22:27:20 +0000 2018	989269657545773056	RT @WSJopinion: Donald Trump wants to help released inmates re-enter society, writes Jared Kushner https://t.co/LM1reTBBO9 via @WSJOpinion	en	American By Birth, Southerner By Grace of God	2719860441	Florida, USA	6953	2014-07-21 17:00:38	1373	5.0640932265112895
Wed Apr 25 22:27:20 +0000 2018	989269657759682560	RT @ARMYPeru1: [DATO] @BTS_twt   Muchas artistas han dejado de seguir en Twitter a Kanye West despu√©s de apoyar p√∫blicamente a Donald Trump‚Ä¶	es	VAN/ARMY üá¶üá∑üá∞üá∑	875762023732318208	Î∞©ÌÉïÏÜåÎÖÑÎã®	4233	2017-06-16 17:08:32	312	13.567307692307692
Wed Apr 25 22:27:21 +0000 2018	989269659710033921	"RT @KevinMKruse: ""The mob takes the Fifth,"" Donald Trump said in 2016. ""If you're innocent, why are you taking the Fifth Amendment?"" https:‚Ä¶"	en	R. Saddler üìéüóΩüåä	16711026	Minnesota	78535	2008-10-12 19:19:13	3481	22.561045676529734
Wed Apr 25 22:27:21 +0000 2018	989269659701653504	RT @PalmerReport: Kanye West, 2005: George Bush doesn‚Äôt care about black people.  Kanye West, 2018: I don‚Äôt care that Donald Trump doesn‚Äôt‚Ä¶	en	Mother of Draggins	117276295	Where ever life takes me	23513	2010-02-25 02:56:22	2981	7.887621603488762
Wed Apr 25 22:27:21 +0000 2018	989269660263567360	RT @PalmerReport: Donald Trump stirred up all that Kanye West nonsense to distract you from the fact that his attorney Michael Cohen just p‚Ä¶	en	TerrBerr	2300602706		3213	2014-01-20 02:02:25	1556	2.064910025706941
Wed Apr 25 22:27:21 +0000 2018	989269660540526592	RT @adamcbest: Donald Trump has now tweeted TWICE today about Kanye West.   He never tweeted about James Shaw Jr., the hero of the Waffle H‚Ä¶	en	TheOGLeaMichelle	705579393985454080	Cleveland, OH	10030	2016-03-04 02:23:31	782	12.826086956521738
Wed Apr 25 22:27:21 +0000 2018	989269660641189889	RT @KaivanShroff: These prominent black artists just unfollowed Kanye West:  Drake Jaden Smith Janelle Mon√°e Kendrick Lamar Nicki Minaj Rih‚Ä¶	en	Bonnie B	351131876	Ohio	13825	2011-08-08 20:50:34	2451	5.640554875560995
Wed Apr 25 22:27:21 +0000 2018	989269661194838016	RT @KennyKnox: Don‚Äôt drag me into this https://t.co/yHCHIXrue7	en	N.	945614419488399362	-	7043	2017-12-26 11:17:01	120	58.69166666666667
Wed Apr 25 22:27:21 +0000 2018	989269661245149184	RT @ArianatorFallen: Ariana Grande just unfollowd Kayne West who supported Donald Trump https://t.co/hDntRjBsUQ	en	Morphine	4924547506	Oklahoma Hills, OK	4796	2016-02-17 17:04:58	797	6.017565872020075
Wed Apr 25 22:27:21 +0000 2018	989269661517660160	RT @PopCrave: Justin Bieber, BTS, The Weeknd, Rihanna, Ariana Grande, Harry Styles, Katy Perry, Nicki Minaj, and Kendrick Lamar are among t‚Ä¶	en	üåô	2834656807		66626	2014-09-28 03:44:08	1305	51.0544061302682
Wed Apr 25 22:27:21 +0000 2018	989269662742515712	RT @SaysHummingbird: When Trump does NOT want his own chief of staff to know who he‚Äôs having phone calls with using an unsecured personal c‚Ä¶	en	norma c	713405042	somewhere in central NJ	58038	2012-07-24 00:46:04	2101	27.623988576868157
Wed Apr 25 22:27:22 +0000 2018	989269663027691520	RT @defenestrate161: T.R.U.M.P = Totalitarian Replacement Usurping My President  gimme ur own takes https://t.co/mE5sRfxNmO	en	Rita Shuker	889218314177658881		122010	2017-07-23 20:19:01	275	443.6727272727273
Wed Apr 25 22:27:22 +0000 2018	989269663518547968	"RT @teleSURtv: El cineasta Oliver Stone calific√≥ como ""deprimente"" la visita del presidente franc√©s, Emmanuel Macron, a su hom√≥logo estadou‚Ä¶"	es	MoninaHJ	375186796	Venezuela	27014	2011-09-17 17:19:41	2411	11.204479469099958
Wed Apr 25 22:27:21 +0000 2018	989269662562209792	"Because ""Donald Trump is my friend."" = ""I'm a racist."" Kanye did well to free himself from blood-sucking leeches li‚Ä¶ https://t.co/Mex8RQ90Rn"	en	Jeff Faria	472132412	on the Jersey side (NYC area)	152846	2012-01-23 16:50:11	2283	66.94962768287341
Wed Apr 25 22:27:22 +0000 2018	989269663896014848	RT @TMZ: Kanye West Loves Donald Trump and You Can't Change His Mind https://t.co/lVCyaiS4Pu	en	Mr. Wolverine Man	822540185640566789	Houston, TX	12911	2017-01-20 20:23:57	459	28.128540305010894
Wed Apr 25 22:27:22 +0000 2018	989269665267367936	RT @PopCrave: Justin Bieber, BTS, The Weeknd, Rihanna, Ariana Grande, Harry Styles, Katy Perry, Nicki Minaj, and Kendrick Lamar are among t‚Ä¶	en	Cookies And Cream	893351831396429824		2903	2017-08-04 06:04:09	264	10.996212121212121
Wed Apr 25 22:27:22 +0000 2018	989269665057685504	RT @PopCrave: Justin Bieber, BTS, The Weeknd, Rihanna, Ariana Grande, Harry Styles, Katy Perry, Nicki Minaj, and Kendrick Lamar are among t‚Ä¶	en	maiüå®	432233791	Genius Lab	17723	2011-12-09 05:36:16	2329	7.609703735508802
Wed Apr 25 22:27:22 +0000 2018	989269666890629120	RT @ka5sh: For all my alt right niggas that know me best I feel like Me and Donald trump might still have sex	en	vKulla	483999984	Phoenix, AZ	1503	2012-02-05 16:36:49	2270	0.6621145374449339
Wed Apr 25 22:27:22 +0000 2018	989269666395820034	RT @EBONYMag: Kanye West on Donald Trump: ‚ÄòThe Mob Can‚Äôt Make me Not Love Him,‚Äù -- ‚ÄúYou don‚Äôt have to agree with trump but the mob can‚Äôt ma‚Ä¶	en	d-rock trot	2265227667	Brooklyn, NY (Bed-Stuy)	732215	2014-01-06 13:13:19	1570	466.3789808917197
Wed Apr 25 22:27:22 +0000 2018	989269666811072512	RT @cnni: Kanye West remained defiant amid mounting backlash from fans over the rapper's positive words about President Donald Trump, tweet‚Ä¶	en	Jenna	710174003755925506	Louisville, KY	77181	2016-03-16 18:40:51	769	100.36540962288687
Wed Apr 25 22:27:23 +0000 2018	989269668031619073	"RT @KevinMKruse: ""The mob takes the Fifth,"" Donald Trump said in 2016. ""If you're innocent, why are you taking the Fifth Amendment?"" https:‚Ä¶"	en	Michael Kasdan	271563785	New York City	41593	2011-03-24 19:25:30	2588	16.07148377125193
Wed Apr 25 22:27:23 +0000 2018	989269667909906436	RT @PopCrave: Justin Bieber, BTS, The Weeknd, Rihanna, Ariana Grande, Harry Styles, Katy Perry, Nicki Minaj, and Kendrick Lamar are among t‚Ä¶	en	·¥âln‚ÖÑüá©üá¥	2481982024	2017 NBA Champs	67831	2014-04-13 16:50:52	1472	46.08084239130435
Wed Apr 25 22:27:23 +0000 2018	989269668241248262	RT @PalmerReport: Donald Trump stirred up all that Kanye West nonsense to distract you from the fact that his attorney Michael Cohen just p‚Ä¶	en	Maria Romeo	2329369573		16997	2014-02-05 21:12:59	1539	11.044184535412606
Wed Apr 25 22:27:23 +0000 2018	989269669348626432	@AngelaLily0501 @kanye @MTVNews I'mma little bit confused remember Kanye said that bush was a racist it's clear tha‚Ä¶ https://t.co/L2lHZgozXn	en	Curtis Aka Yaboy	830900413247414276	Chicago, IL	1163	2017-02-12 22:04:30	436	2.6674311926605503
Wed Apr 25 22:27:23 +0000 2018	989269669436538880	A day after warm back pats, air kisses and hand-holding with President Trump, French President Emmanuel Macron sing‚Ä¶ https://t.co/5XBjdW5lRk	en	The Washington Times	14662354	Washington, D.C.	178667	2008-05-05 17:43:25	3641	49.07085965394123
Wed Apr 25 22:27:23 +0000 2018	989269670686527489	RT @PopCrave: Justin Bieber, BTS, The Weeknd, Rihanna, Ariana Grande, Harry Styles, Katy Perry, Nicki Minaj, and Kendrick Lamar are among t‚Ä¶	en	ERICK	390761119	Massachusetts, USA üá∫üá∏	103548	2011-10-14 14:23:34	2385	43.41635220125786
Wed Apr 25 22:27:23 +0000 2018	989269671055581184	RT @KaivanShroff: These prominent black artists just unfollowed Kanye West:  Drake Jaden Smith Janelle Mon√°e Kendrick Lamar Nicki Minaj Rih‚Ä¶	en	Jimmy	482775286	Echo Park, Los Angeles	56769	2012-02-04 09:05:42	2272	24.986355633802816
Wed Apr 25 22:27:23 +0000 2018	989269671063965697	RT @BasedChasen: Same Kanye that said George Bush doesn‚Äôt care about black people rocking with Donald Trump üò≠this gotta be a clone	en	Andrew	771006932719067137		21338	2016-08-31 15:29:12	602	35.44518272425249
Wed Apr 25 22:27:24 +0000 2018	989269671483531265	RT @kylegriffin1: Lawyers for attorney Michael Cohen submitted a court document today asserting his 5th Amendment rights in the lawsuit bro‚Ä¶	en	Sienna	1636604892		6754	2013-07-31 23:26:02	1728	3.908564814814815
Wed Apr 25 22:27:24 +0000 2018	989269671374450688	RT @cdotharrison: Kanye West went from telling the world on a telethon for Hurricane Katrina George Bush doesn't care about black people to‚Ä¶	en	Reagan	2176213220	Missouri, USA	43941	2013-11-05 14:43:12	1632	26.924632352941178
Wed Apr 25 22:27:24 +0000 2018	989269671638589441	RT @WashTimes: A day after warm back pats, air kisses and hand-holding with President Trump, French President Emmanuel Macron sings a diffe‚Ä¶	en	DMM Consult Test Bot	923681144197050368		22923	2017-10-26 22:42:00	180	127.35
Wed Apr 25 22:27:24 +0000 2018	989269671911227392	RT @Y2SHAF: kanye west lost over 9M followers in 7 minutes after showing his support for donald trump https://t.co/k90o4HdJaU	en	damilaara	150678169	n.ldn // lei	43607	2010-06-01 14:52:38	2885	15.115077989601387
Wed Apr 25 22:27:24 +0000 2018	989269671806369792	RT @Mndspeak88: If you voted for OR support Donald Trump I want nothing to do w/you.  This isn't a democrat or republican issue. It's a bas‚Ä¶	en	Empty Headed Mary Poppin Knockoff	870363668512464896	McDonald's on Dorsett	35531	2017-06-01 19:37:23	327	108.65749235474006
Wed Apr 25 22:27:24 +0000 2018	989269672192131072	YAY KANYE!  It is about time someone considered ' in the left pocket' defies them. If all of the progressives would‚Ä¶ https://t.co/m9VV1OT6zR	en	Mary in  Arizona	794256983217946624	Arizona, USA	251	2016-11-03 19:16:36	537	0.46741154562383613
Wed Apr 25 22:27:24 +0000 2018	989269671693242370	RT @adamcbest: Donald Trump has now tweeted TWICE today about Kanye West.   He never tweeted about James Shaw Jr., the hero of the Waffle H‚Ä¶	en	Tan Dump Lord	808752080592760832		14961	2016-12-13 19:14:56	497	30.10261569416499
Wed Apr 25 22:27:24 +0000 2018	989269672255205376	"RT @CNNPolitics: Kanye West on President Donald Trump: ""You don't have to agree with trump but the mob can't make me not love him"" https://‚Ä¶"	en	Patriot	950091892443803650		5716	2018-01-07 19:48:53	107	53.42056074766355
Wed Apr 25 22:27:24 +0000 2018	989269672422969344	RT @votevets: We cannot overstate how absolutely insulting it is that @potus Donald Trump didn't care about veterans enough to find this ou‚Ä¶	en	Stina Capano	915641278884433922	New Jersey, New york and Florida	5839	2017-10-04 18:14:27	202	28.905940594059405
Wed Apr 25 22:27:24 +0000 2018	989269672850870274	"RT @KevinMKruse: ""The mob takes the Fifth,"" Donald Trump said in 2016. ""If you're innocent, why are you taking the Fifth Amendment?"" https:‚Ä¶"	en	Christopher Wickham	50016414	Bristol	7013	2009-06-23 16:05:00	3227	2.1732259064146264
Wed Apr 25 22:27:24 +0000 2018	989269674083876864	RT @cj_disabledVet: https://t.co/vqVlJAguTI	und	BJK	2861750577		95395	2014-11-05 02:19:18	1267	75.29202841357538
Wed Apr 25 22:27:24 +0000 2018	989269674058768384	RT @PopCrave: Justin Bieber, BTS, The Weeknd, Rihanna, Ariana Grande, Harry Styles, Katy Perry, Nicki Minaj, and Kendrick Lamar are among t‚Ä¶	en	Pikafas	2569840735	Invicta	51890	2014-06-15 23:17:33	1409	36.82753726046842
Wed Apr 25 22:27:24 +0000 2018	989269675317088256	RT @ProudResister: Sarah Sanders just said that the White House supports a free press. She must have been sleeping last year when Donald Tr‚Ä¶	en	Martha ReynoldsüìöBestselling author üåäüåä	317799620	Rhode Island üíô in üá®üá≠	42548	2011-06-15 14:05:07	2506	16.978451715881885
Wed Apr 25 22:27:25 +0000 2018	989269675489087489	RT @anblanx: UPDATE: As expected, lawyers for President Donald Trump's personal attorney Michael Cohen submitted declaration Wednesday asse‚Ä¶	en	Mary A Wright	4926134953	Sartell, MN	27556	2016-02-18 15:53:05	796	34.618090452261306
Wed Apr 25 22:27:25 +0000 2018	989269675413516288	"RT @realDonaldTrump: Rapper @MacMiller's song, ""Donald Trump"", now has 57 million hits--- I created another star--- where's my cut?"	en	ìÅº	2919015840	Ad | Shj	25788	2014-12-04 23:20:24	1237	20.847210994341147
Wed Apr 25 22:27:25 +0000 2018	989269676009062400	RT @PalmerReport: Donald Trump stirred up all that Kanye West nonsense to distract you from the fact that his attorney Michael Cohen just p‚Ä¶	en	Tip Her	19404295	Detroit / Brooklyn 	189549	2009-01-23 17:41:59	3378	56.11278863232682
Wed Apr 25 22:27:25 +0000 2018	989269676541775872	RT @KennyKnox: Don‚Äôt drag me into this https://t.co/yHCHIXrue7	en	Dean üá®üá≤üá¨üáµ	746497088712810496	Wakanda 	17207	2016-06-25 00:15:50	669	25.720478325859492
Wed Apr 25 22:27:25 +0000 2018	989269676990521345	RT @ArianaWorldHQ: UPDATE: Ariana Grande has UNFOLLOW @kanyewest after his open support of Donald Trump! https://t.co/eVROV9uF4V	en	Toni	1229333894		38631	2013-03-01 08:34:13	1881	20.537480063795854
Wed Apr 25 22:27:25 +0000 2018	989269676659298305	Lana eu te amoooo https://t.co/ByGwgyIVXi	pt	Felipe	95419614	S√£o Paulo, Brasil	246183	2009-12-08 13:25:58	3060	80.45196078431373
Wed Apr 25 22:27:25 +0000 2018	989269676822802432	"RT @Fel1peAlencar: ""Kanye West perdeu mais de 10 milh√µes seguidores depois de seus tweets mostrando suporte para Donald Trump"" #KanyeWestIs‚Ä¶"	pt	apenas um nome russo	2218384401	Brasil	135964	2013-12-10 22:30:08	1596	85.19047619047619
Wed Apr 25 22:27:25 +0000 2018	989269677565095936	RT @Y2SHAF: kanye west lost over 9M followers in 7 minutes after showing his support for donald trump https://t.co/k90o4HdJaU	en	leo	842263291	listening to oldies	48426	2012-09-23 19:20:15	2039	23.74987739087788
Wed Apr 25 22:27:25 +0000 2018	989269676260667392	@RichardPMacLean @realDonaldTrump @JDWeil55 It's Unbelievable! Make America Most Insulted Always by thievery of GEN‚Ä¶ https://t.co/y5W3FtTExG	en	TheTopWarriors	960056874568568832	Cambodia	42191	2018-02-04 07:46:10	80	527.3875
Wed Apr 25 22:27:25 +0000 2018	989269677347082240	RT @keithboykin: So Donald Trump, Ben Carson and the @GOP think we have money to give tax breaks to billionaires who already own multiple m‚Ä¶	en	J Francisco	2479912850		11359	2014-05-06 14:37:10	1450	7.833793103448276
Wed Apr 25 22:27:25 +0000 2018	989269677833637888	RT @PopCrave: Justin Bieber, BTS, The Weeknd, Rihanna, Ariana Grande, Harry Styles, Katy Perry, Nicki Minaj, and Kendrick Lamar are among t‚Ä¶	en	El Olivo üë§	2749328773	Compton	32022	2014-08-20 15:09:49	1344	23.825892857142858
Wed Apr 25 22:27:25 +0000 2018	989269677842067461	@WhiteHouse in a state of #TheEmperorHasNoClothes @realDonaldTrump https://t.co/al6et2Tg2m	en	Izzy	455047912	Connecticut, USA	3610	2012-01-04 17:39:49	2302	1.5682015638575153
Wed Apr 25 22:27:25 +0000 2018	989269678257328128	Trump lawyer pleads the 5th in Stormy case https://t.co/qZNeZGgd9r	en	Seeno Merobshoev	41796556		3055	2009-05-22 11:49:03	3260	0.9371165644171779
Wed Apr 25 22:27:25 +0000 2018	989269678202769413	RT @ThomasARoberts: To be clear...I confirmed the dates of my introduction, interview, work and social interactions w/Donald Trump in Mosco‚Ä¶	en	Mary V.	262583524	New Orleans	22091	2011-03-08 10:03:11	2605	8.480230326295585
Wed Apr 25 22:27:25 +0000 2018	989269678966091776	RT @DeadlineWH: VIA NBC's @anblanx : Lawyers for attorney Michael Cohen submitted a court document Wednesday asserting his 5th Amendment ri‚Ä¶	en	LaToya Ingram	826266560033533952		5366	2017-01-31 03:11:14	449	11.951002227171493
Wed Apr 25 22:27:25 +0000 2018	989269679372947456	"@CousinCharlie @kanyewest Yes- I am telling you to keep up.  Laughing at your attempt to form an idea ""...a country‚Ä¶ https://t.co/oSSvHj0iox"	en	mommabiek	28814997		3063	2009-04-04 15:47:58	3307	0.9262171152101603
Wed Apr 25 22:27:26 +0000 2018	989269679704297472	RT @ProudResister: Kanye West declared his support for Donald Trump and then lost 10 million twitter followers in an hour. MAGA! üëç	en	S Kean #FBPE	962468713		129591	2012-11-21 14:06:05	1981	65.41696113074205
Wed Apr 25 22:27:26 +0000 2018	989269680299929602	"RT @ryanjreilly: ""The mob takes the Fifth. If you're innocent, why are you taking the Fifth Amendment?"" - Donald Trump https://t.co/9srq0NJ‚Ä¶"	en	Transitive Taco	2947248681	United States	3748	2014-12-29 00:55:31	1213	3.0898598516075846
Wed Apr 25 22:27:26 +0000 2018	989269680165711872	LOL https://t.co/whG6FKonlL	und	bENJaMINS bURNER	71360725		1179	2009-09-03 21:13:14	3155	0.37369255150554676
Wed Apr 25 22:27:26 +0000 2018	989269680186683392	RT @MuseBuff: Rihanna, BTS &amp; Justin Bieber are just some of the woke celebrities that have unfollowed @kanyewest after he endorsed Donald T‚Ä¶	en	Rizzle‚ú®	2403334569		3154	2014-03-11 22:53:56	1505	2.0956810631229237
Wed Apr 25 22:27:26 +0000 2018	989269682304765953	RT @PalmerReport: Donald Trump stirred up all that Kanye West nonsense to distract you from the fact that his attorney Michael Cohen just p‚Ä¶	en	Name cannot be blank	849046085960183808	ohio	26945	2017-04-03 23:48:56	386	69.80569948186529
Wed Apr 25 22:27:26 +0000 2018	989269683013550081	RT @krissmoha: Je connais pas grand chose √† la sc√®ne artistique US mais keske √ßa me fume les sanctions mondaines quand t‚Äôoses sortir de la‚Ä¶	fr	Olimas üóø	307963888	Lyon	98948	2011-05-30 16:05:22	2521	39.24950416501388
Wed Apr 25 22:27:26 +0000 2018	989269683600855040	"RT @AshleyCullins: Here's Michael Cohen's declaration in support of his request for a stay of the Stormy Daniels/Donald Trump ""hush agreeme‚Ä¶"	en	Julia Stoddart	22336063	Mississauga, Ontario	98668	2009-03-01 05:39:09	3342	29.52363853979653
Wed Apr 25 22:27:26 +0000 2018	989269683139497984	.@ThePerezHilton makes a good point. https://t.co/Y2EuSM0qpP	en	The Daily Edge	179732982	Also on Facebook.	63673	2010-08-18 00:29:10	2807	22.683648022800142
Wed Apr 25 22:27:26 +0000 2018	989269683714084864	RT @ProudResister: Kanye West declared his support for Donald Trump and then lost 10 million twitter followers in an hour. MAGA! üëç	en	Carol Marie Burkhart	947543326105800704	Tennessee, USA	1667	2017-12-31 19:01:48	114	14.62280701754386
Wed Apr 25 22:27:26 +0000 2018	989269683294568448	RT @PalmerReport: Looks like Rudy Giuliani really is trying to negotiate Donald Trump‚Äôs exit https://t.co/EQmrfneJJw	en	Pam	1103940366	Illinois, USA	26007	2013-01-19 15:25:33	1922	13.531217481789803
Wed Apr 25 22:27:27 +0000 2018	989269686310395904	"RT @dgordon52: ""The mob takes the Fifth Amendment. If you're innocent, why are you taking the Fifth Amendment?"" - Donald J Trump in 2016 ht‚Ä¶"	en	tonysimone	16160524	NYC	14264	2008-09-06 20:38:02	3517	4.055729314756895
Wed Apr 25 22:27:27 +0000 2018	989269686872297473	donald trump: i‚Äôm not racist, i‚Äôm friends with kanye	en	fancy baby	2273357839		12849	2014-01-02 17:56:13	1573	8.168467895740623
Wed Apr 25 22:27:27 +0000 2018	989269687052599296	RT @Vinay903Zquad1D: Zayn Justin Bieber, BTS, The Weeknd, Rihanna, Ariana Grande, Harry Styles, Katy Perry, Nicki Minaj, and Kendrick Lamar‚Ä¶	en	Vinay Z2(roses is coming)#zquad	2990628788	New Delhi, India	5491	2015-01-20 03:58:47	1191	4.610411418975651
Wed Apr 25 22:27:27 +0000 2018	989269687484731392	RT @PalmerReport: Donald Trump stirred up all that Kanye West nonsense to distract you from the fact that his attorney Michael Cohen just p‚Ä¶	en	Piper	319692685	Canada	119311	2011-06-18 15:26:27	2503	47.66719936076708
Wed Apr 25 22:27:28 +0000 2018	989269687929376769	RT @KaivanShroff: These prominent black artists just unfollowed Kanye West:  Drake Jaden Smith Janelle Mon√°e Kendrick Lamar Nicki Minaj Rih‚Ä¶	en	Rebecca Mertelüåäüåäüåä	52186998	Daphne, AL	40064	2009-06-29 20:58:54	3221	12.438373176032288
Wed Apr 25 22:27:28 +0000 2018	989269688080314368	RT @CNN: Kanye West remained defiant amid mounting backlash from fans over the rapper's positive words about President Donald Trump, tweeti‚Ä¶	en	Marcelo Moura	82605645	Goi√¢nia, Brazil	85222	2009-10-15 12:30:48	3114	27.36737315350032
Wed Apr 25 22:27:28 +0000 2018	989269688583643136	RT @PopCrave: Justin Bieber, BTS, The Weeknd, Rihanna, Ariana Grande, Harry Styles, Katy Perry, Nicki Minaj, and Kendrick Lamar are among t‚Ä¶	en	Zeyad Ahmad	3257103175	Buraydah, Kingdom of Saudi Arabia	6593	2015-06-26 21:33:42	1033	6.382381413359148
Wed Apr 25 22:27:28 +0000 2018	989269688298373120	OMG Donald Trump Jr just retweeted Kim K saying I‚Äôm with her https://t.co/MQxNfbFPFR	en	Ashling	19511111	Ireland	15842	2009-01-25 23:40:45	3376	4.692535545023697
Wed Apr 25 22:27:28 +0000 2018	989269689456001024	RT @PopCrave: Justin Bieber, BTS, The Weeknd, Rihanna, Ariana Grande, Harry Styles, Katy Perry, Nicki Minaj, and Kendrick Lamar are among t‚Ä¶	en	Little Penguin üêß	775745477975375872	Fangirland	16440	2016-09-13 17:18:29	588	27.959183673469386
Wed Apr 25 22:27:28 +0000 2018	989269690366099456	RT @ProudResister: Kanye West declared his support for Donald Trump and then lost 10 million twitter followers in an hour. MAGA! üëç	en	Catherine Smith	818223548791541760		65397	2017-01-08 22:31:10	471	138.84713375796179
Wed Apr 25 22:27:28 +0000 2018	989269689917411328	RT @PopCrave: Justin Bieber, BTS, The Weeknd, Rihanna, Ariana Grande, Harry Styles, Katy Perry, Nicki Minaj, and Kendrick Lamar are among t‚Ä¶	en	sara .	731538752	the stairs	114701	2012-08-01 21:54:38	2092	54.82839388145315
Wed Apr 25 22:27:28 +0000 2018	989269690097786880	RT @SaysHummingbird: When Trump does NOT want his own chief of staff to know who he‚Äôs having phone calls with using an unsecured personal c‚Ä¶	en	Heather Feather	2804502972	Frisco, TX	5836	2014-09-11 23:36:46	1321	4.417865253595761
Wed Apr 25 22:27:28 +0000 2018	989269690194198529	RT @HarleyVicQuinn: Bannon turned Cambridge into 'propaganda machine,' whistleblower says https://t.co/KRmCeBCz5K via @nbcnews Christopher‚Ä¶	en	‡™™‡´ç‡™∞‡™Ø‡™æ‡™ó ‡™ó‡™æ‡™Ç‡™ß‡´Ä	5669252		638613	2007-04-30 23:49:13	4012	159.17572283150548
Wed Apr 25 22:27:28 +0000 2018	989269690559053825	RT @PopCrave: Justin Bieber, BTS, The Weeknd, Rihanna, Ariana Grande, Harry Styles, Katy Perry, Nicki Minaj, and Kendrick Lamar are among t‚Ä¶	en	„Éü„É¶„Ç≠	731697185620819968		22706	2016-05-15 04:06:18	710	31.980281690140846
Wed Apr 25 22:27:28 +0000 2018	989269690752126977	RT @PalmerReport: Kanye West, 2005: George Bush doesn‚Äôt care about black people.  Kanye West, 2018: I don‚Äôt care that Donald Trump doesn‚Äôt‚Ä¶	en	CLK	854196489593159680	Massachusetts, USA	5041	2017-04-18 04:54:48	372	13.551075268817204
Wed Apr 25 22:27:28 +0000 2018	989269690588581889	"RT @KevinMKruse: ""The mob takes the Fifth,"" Donald Trump said in 2016. ""If you're innocent, why are you taking the Fifth Amendment?"" https:‚Ä¶"	en	Eric	177300933	The Berkshires, MA	2646	2010-08-11 19:47:35	2813	0.9406327763953075
Wed Apr 25 22:27:28 +0000 2018	989269690110365696	T√£o burro meu deus pq???? https://t.co/SRH4NkJ9iF	pt	Jefferson	603104301	Brasil	90235	2012-06-08 19:59:43	2146	42.047996272134206
Wed Apr 25 22:27:29 +0000 2018	989269692723400712	RT @EdKrassen: BOOM! The man who hosted the 2013 Miss Universe pageant in Moscow, Thomas Roberts, confirms that Donald Trump did in fact sp‚Ä¶	en	Daniel Brennan	51041872	Philadelphia PA	11974	2009-06-26 12:44:19	3225	3.7128682170542637
Wed Apr 25 22:27:29 +0000 2018	989269692673126402	RT @Tinashe: Woah, I think I just realized I can write extra long tweets now. Good thing I have so much to say. Here goes: fuck Donald trum‚Ä¶	en	kyra killmonger.	2361271392	‚ôèÔ∏è	68908	2014-02-25 15:41:08	1519	45.36405529953917
Wed Apr 25 22:27:29 +0000 2018	989269692727676928	@wojocole https://t.co/7CmmI5oe40	und	Jaylan	989259614196772869		8	2018-04-25 21:47:26	-1	-8.0
Wed Apr 25 22:27:29 +0000 2018	989269693168046080	RT @PalmerReport: Kanye West, 2005: George Bush doesn‚Äôt care about black people.  Kanye West, 2018: I don‚Äôt care that Donald Trump doesn‚Äôt‚Ä¶	en	norma c	713405042	somewhere in central NJ	58039	2012-07-24 00:46:04	2101	27.624464540694905
Wed Apr 25 22:27:29 +0000 2018	989269693197443074	RT @DeadlineWH: VIA NBC's @anblanx : Lawyers for attorney Michael Cohen submitted a court document Wednesday asserting his 5th Amendment ri‚Ä¶	en	Dick Datchery	864998438894682113		17009	2017-05-18 00:17:53	342	49.73391812865497
Wed Apr 25 22:27:29 +0000 2018	989269693285494786	ellos ........... https://t.co/IsbkIqgHH3	es	candelaüïäÔ∏è	422732029	madrid ‚Äì fcb‚ô•Ô∏è	132919	2011-11-27 16:33:45	2340	56.802991452991456
Wed Apr 25 22:27:29 +0000 2018	989269694464086016	RT @votevets: We cannot overstate how absolutely insulting it is that @potus Donald Trump didn't care about veterans enough to find this ou‚Ä¶	en	üê≤ M.L. üê≤	202297493	USA	17732	2010-10-13 18:49:16	2750	6.448
Wed Apr 25 22:27:29 +0000 2018	989269694837411840	RT @ProudResister: Kanye West declared his support for Donald Trump and then lost 10 million twitter followers in an hour. MAGA! üëç	en	Robin Horton	3067238897	Colorado	156865	2015-03-03 05:20:23	1149	136.5230635335074
Wed Apr 25 22:27:29 +0000 2018	989269694829023232	RT @ka5sh: For all my alt right niggas that know me best I feel like Me and Donald trump might still have sex	en	rury.	33675073	Pluto	62138	2009-04-20 21:40:40	3291	18.881191127316924
Wed Apr 25 22:27:29 +0000 2018	989269695168565248	RT @PalmerReport: Donald Trump stirred up all that Kanye West nonsense to distract you from the fact that his attorney Michael Cohen just p‚Ä¶	en	‚Ç≥mmar Hasanüî™üó°	727511881	bay area	33544	2012-07-31 03:58:22	2094	16.019102196752627
Wed Apr 25 22:27:29 +0000 2018	989269696171003904	RT @roaroutsold: katy perry: breathing helps my anxiety üòå the media: KATY PERRY THINKS SHE CAN CURE MENTAL ILLNESS  taylor swift: *clears h‚Ä¶	en	Jack Ryan	352103789	‚ôíÔ∏è‚ôãÔ∏è‚ôå	23100	2011-08-10 04:33:33	2450	9.428571428571429
Wed Apr 25 22:27:29 +0000 2018	989269695806271488	RT @ProudResister: Kanye West declared his support for Donald Trump and then lost 10 million twitter followers in an hour. MAGA! üëç	en	dee	23890643	Brooklyn, NY	24698	2009-03-12 04:02:03	3331	7.4145902131492045
Wed Apr 25 22:27:29 +0000 2018	989269695915274242	Qu‚Äôils aillent se faire enculer https://t.co/XsojxV56JQ	fr	GuedesFC	761904774413426688		8915	2016-08-06 12:40:28	627	14.218500797448167
Wed Apr 25 22:27:29 +0000 2018	989269695877599232	RT @WashTimes: A day after warm back pats, air kisses and hand-holding with President Trump, French President Emmanuel Macron sings a diffe‚Ä¶	en	1DZ	798985877246590976	London, England	239105	2016-11-16 20:27:32	524	456.30725190839695
Wed Apr 25 22:27:30 +0000 2018	989269697320206337	RT @ThePerezHilton: @kanyewest Neither do gay people. But there's a difference between being a Republican and being a Republican who has hi‚Ä¶	en	Mrs...	849688860741316624	Colorado, USA	2530	2017-04-05 18:23:05	384	6.588541666666667
Wed Apr 25 22:27:30 +0000 2018	989269698037604352	RT @KaivanShroff: These prominent black artists just unfollowed Kanye West:  Drake Jaden Smith Janelle Mon√°e Kendrick Lamar Nicki Minaj Rih‚Ä¶	en	üëëReezyüëë	760454892251144192	Reverse Cloud	13244	2016-08-02 12:39:09	631	20.98890649762282
Wed Apr 25 22:27:30 +0000 2018	989269698222198785	Yes we love a man who dosent support that fuckface of an orange head https://t.co/D6PSuBjTBW	en	K A I N A T // P I N N E D	887406002659831809	b k n a a u j, PP‚Ñ¢Ô∏è, GOB‚Ñ¢Ô∏è	20547	2017-07-18 20:17:33	280	73.38214285714285
